player,position
Jonathan Taylor,RB
Josh Allen,QB
Patrick Maholmes,QB
Cooper Kupp,WR
Austin Ekeler,RB
Najee Harris,RB
Davante Adams,WR
Dalvin Cook,RB
Derrick Henry,RB
Javonte Williams,RB
Deebo Samuel,WR
Joe Mixon,RB
Christian McCaffrey,RB
Justin Jefferson,WR
Jamaar Chase,WR
Justin Herbert,QB
Deandre Swift,RB
Alvin Kamara,RB
Nick Chubb,RB
Joe Burrow,QB
Kyler Murray,QB
Stefon Diggs,WR
Tyreek Hill,WR
Mark Andrews,TE
George Kittle,TE
AJ Brown,WR
Leonard Fournette,RB
Keenan Allen,WR
Lamar Jackson,QB
Ceedee Lamb,WR
Aaron Jones,RB
Deandre Hopkins,WR
Mike Evans,WR
David Montgomery,RB
Cam Akers,RB
JK Dobbins,RB
Chris Godwin,WR
Tee Higgins,WR
Chase Edmonds,RB
Russell Wilson,QB
Kyle Pitts,TE
Tom Brady,QB
Travis Kelce,TE
Antonio Gibson,RB
Matthew Stafford,QB
Trey Lance,QB
Saquon Barkley,RB
Diontae Johnson,WR
Damien Harris,RB
Darren Waller,TE
Jalen Hurts,QB
Brandin Cooks,WR
Clyde Edwards-Helaire,RB
Dak Prescott,QB
Eli Mitchell,RB
Robert Woods,WR
Aaron Rodgers,QB
Terry McLaurin,WR
Jaylen Waddle,WR
Ezekiel Elliott,RB
James Conner,RB
Rashaad Penny,RB
Darnell Mooney,WR
Michael Thomas,WR
Travis Etienne,RB
Amon Ra St. Brown,WR
Rashod Bateman,WR
Dawson Knox,TE
Tyler Boyd,WR
Devonta Smith,WR
Kirk Cousins,QB
Ryan Tannehill,QB
Josh Jacobs,RB
Deshaun Watson,QB
Brandon Aiyuk,WR
Devin Singleterry,RB
Marquise Brown,WR
DJ Moore,WR
DK Metcalf,WR
AJ Dillon,RB
Miles Sanders,RB
Tua Tagovailoa,QB
Mac Jones,QB
Hunter Renfrow,WR
TJ Hockenson,TE
Zach Ertz,TE
Michael Carter,RB
Elijah Moore,WR
Chris Carson,RB
Courtland Sutton,WR
Kareem Hunt,RB
Odell Beckham Jr.,WR
Amari Cooper,WR
Michael Pittman,WR
Justin Fields,QB
Allen Robinson,WR
Dallas Goedert,TE
Pat Freiermuth,TE
Hunter Henry,TE
Kadarius Toney,WR
Dalton Shultz,TE
Devante Parker,WR
Mike Gesicki,TE
Mike Williams,WR
Gabriel Davis,WR
Braxton Berrios,WR
Sony Michel,RB
Derek Carr,QB
Melvin Gordon,RB
Trevor Lawrence,QB
Rhamondre Stevenson,RB
Tony Pollard,RB
Davis Mills,QB
Jerry Jeudy,WR
James Robinson,RB
Carson Wentz,QB
Juju Smith-Schuster,WR
Jimmy Garropolo,QB
Alexander Mattison,RB
Xade Jones,WR
Van Jefferson,WR
Curtis Samuel,WR
Laviska Shenault,WR
Jared Goff,QB
Darrell Williams,RB
Christian Kirk,WR
Jakobi Meyers,WR
Chase Clayool,WR
Josh Palmer,WR
Rondale Moore,WR
Isaiah Mackenzie,WR
Tyler Lockett,WR
Ronald Jones,RB